Workbook

Sheet README
A1: SiO₂ Dry Etch Profile Defect — 3인자 3수준 완전요인(3³) × 2반복 RSM 분석
A3: [목적] CF₄ 단독/100mTorr/50W 현공정에서 발생한 2종 profile defect(상부 Undercut, 하부 Taper)를
A4: 실제 SiO₂ RIE/ICP 장비 운전범위 내 3인자 3수준으로 sweep하여 경향성·곡률·최적점을 도출.
A6: [정직성] 실공정 실측 미제공 → 식각 메커니즘 기반 합성 데이터(2차 반응표면 구조로 생성). 실측치 아님.
A7: 인자 범위는 문헌·특허의 SiO₂ 식각 장비 운전값에 근거(README 하단 출처).
A9: [인자·수준] 코딩 -1 / 0 / +1
A10: G = CHF₃ 첨가비 : 0% / 20% / 40% (현공정=0%, CF₄단독 → 단방향: passivation은 증가만 가능)
A11: P = Pressure : 50 / 100 / 150 mTorr (현공정=100=중앙)
A12: B = Bias power : 25 / 50 / 75 W (현공정=50=중앙)
A13: 고정: Process Temp 30℃, Source Power 50W, EPD + Overetch 10%
A15: [응답] Y1=Undercut(nm, 작을수록 개선) Y2=Sidewall Angle(°, 90=수직)
A16: [구조] 3³=27조건 × 2반복 = 54 run. 완전요인이므로 곡률(2차항)을 직접 추정 → curvature 행 불필요
... A28: (ResearchGate ICP SiO₂ etch); Bias 44~55W·70W (Science.gov RIE recipe, US6583065).

Sheet Design_Data
A1: Run | B1: CHF3_% | C1: Press_mTorr | D1: Bias_W | E1: Rep | F1: G | G1: P | H1: B | I1: G² | J1: P² | K1: B² | L1: G·P | M1: G·B | N1: P·B | O1: Undercut_nm | P1: Angle_deg
A2: 1 | B2: 0 | C2: 50 | D2: 25 | E2: 1 | F2: =(B2-20)/20 -> -1 | G2: =(C2-100)/50 -> -1 | H2: =(D2-50)/25 -> -1 | I2: =F2^2 -> 1 | J2: =G2^2 -> 1 | K2: =H2^2 -> 1 | L2: =F2*G2 -> 1 | M2: =F2*H2 -> 1 | N2: =G2*H2 -> 1 | O2: 25.3 | P2: 80.87
A3: 2 | B3: 0 | C3: 50 | D3: 25 | E3: 2 | F3: =(B3-20)/20 -> -1 | G3: =(C3-100)/50 -> -1 | H3: =(D3-50)/25 -> -1 | I3: =F3^2 -> 1 | J3: =G3^2 -> 1 | K3: =H3^2 -> 1 | L3: =F3*G3 -> 1 | M3: =F3*H3 -> 1 | N3: =G3*H3 -> 1 | O3: 23.14 | P3: 81.3
A4: 3 | B4: 0 | C4: 50 | D4: 50 | E4: 1 | F4: =(B4-20)/20 -> -1 | G4: =(C4-100)/50 -> -1 | H4: =(D4-50)/25 -> 0 | I4: =F4^2 -> 1 | J4: =G4^2 -> 1 | K4: =H4^2 -> 0 | L4: =F4*G4 -> 1 | M4: =F4*H4 -> 0 | N4: =G4*H4 -> 0 | O4: 24.27 | P4: 84.3
A5: 4 | B5: 0 | C5: 50 | D5: 50 | E5: 2 | F5: =(B5-20)/20 -> -1 | G5: =(C5-100)/50 -> -1 | H5: =(D5-50)/25 -> 0 | I5: =F5^2 -> 1 | J5: =G5^2 -> 1 | K5: =H5^2 -> 0 | L5: =F5*G5 -> 1 | M5: =F5*H5 -> 0 | N5: =G5*H5 -> 0 | O5: 25.3 | P5: 83.42
A6: 5 | B6: 0 | C6: 50 | D6: 75 | E6: 1 | F6: =(B6-20)/20 -> -1 | G6: =(C6-100)/50 -> -1 | H6: =(D6-50)/25 -> 1 | I6: =F6^2 -> 1 | J6: =G6^2 -> 1 | K6: =H6^2 -> 1 | L6: =F6*G6 -> 1 | M6: =F6*H6 -> -1 | N6: =G6*H6 -> -1 | O6: 29.42 | P6: 86
A7: 6 | B7: 0 | C7: 50 | D7: 75 | E7: 2 | F7: =(B7-20)/20 -> -1 | G7: =(C7-100)/50 -> -1 | H7: =(D7-50)/25 -> 1 | I7: =F7^2 -> 1 | J7: =G7^2 -> 1 | K7: =H7^2 -> 1 | L7: =F7*G7 -> 1 | M7: =F7*H7 -> -1 | N7: =G7*H7 -> -1 | O7: 27.29 | P7: 85.61
A8: 7 | B8: 0 | C8: 100 | D8: 25 | E8: 1 | F8: =(B8-20)/20 -> -1 | G8: =(C8-100)/50 -> 0 | H8: =(D8-50)/25 -> -1 | I8: =F8^2 -> 1 | J8: =G8^2 -> 0 | K8: =H8^2 -> 1 | L8: =F8*G8 -> 0 | M8: =F8*H8 -> 1 | N8: =G8*H8 -> 0 | O8: 26.46 | P8: 79.87
A9: 8 | B9: 0 | C9: 100 | D9: 25 | E9: 2 | F9: =(B9-20)/20 -> -1 | G9: =(C9-100)/50 -> 0 | H9: =(D9-50)/25 -> -1 | I9: =F9^2 -> 1 | J9: =G9^2 -> 0 | K9: =H9^2 -> 1 | L9: =F9*G9 -> 0 | M9: =F9*H9 -> 1 | N9: =G9*H9 -> 0 | O9: 25.48 | P9: 79.27
A10: 9 | B10: 0 | C10: 100 | D10: 50 | E10: 1 | F10: =(B10-20)/20 -> -1 | G10: =(C10-100)/50 -> 0 | H10: =(D10-50)/25 -> 0 | I10: =F10^2 -> 1 | J10: =G10^2 -> 0 | K10: =H10^2 -> 0 | L10: =F10*G10 -> 0 | M10: =F10*H10 -> 0 | N10: =G10*H10 -> 0 | O10: 29.22 | P10: 82.46
A11: 10 | B11: 0 | C11: 100 | D11: 50 | E11: 2 | F11: =(B11-20)/20 -> -1 | G11: =(C11-100)/50 -> 0 | H11: =(D11-50)/25 -> 0 | I11: =F11^2 -> 1 | J11: =G11^2 -> 0 | K11: =H11^2 -> 0 | L11: =F11*G11 -> 0 | M11: =F11*H11 -> 0 | N11: =G11*H11 -> 0 | O11: 28.86 | P11: 81.64
A12: 11 | B12: 0 | C12: 100 | D12: 75 | E12: 1 | F12: =(B12-20)/20 -> -1 | G12: =(C12-100)/50 -> 0 | H12: =(D12-50)/25 -> 1 | I12: =F12^2 -> 1 | J12: =G12^2 -> 0 | K12: =H12^2 -> 1 | L12: =F12*G12 -> 0 | M12: =F12*H12 -> -1 | N12: =G12*H12 -> 0 | O12: 33.95 | P12: 83.08
A13: 12 | B13: 0 | C13: 100 | D13: 75 | E13: 2 | F13: =(B13-20)/20 -> -1 | G13: =(C13-100)/50 -> 0 | H13: =(D13-50)/25 -> 1 | I13: =F13^2 -> 1 | J13: =G13^2 -> 0 | K13: =H13^2 -> 1 | L13: =F13*G13 -> 0 | M13: =F13*H13 -> -1 | N13: =G13*H13 -> 0 | O13: 31.3 | P13: 84.01
... A55: 54 | B55: 40 | C55: 150 | D55: 75 | E55: 2 | F55: =(B55-20)/20 -> 1 | G55: =(C55-100)/50 -> 1 | H55: =(D55-50)/25 -> 1 | I55: =F55^2 -> 1 | J55: =G55^2 -> 1 | K55: =H55^2 -> 1 | L55: =F55*G55 -> 1 | M55: =F55*H55 -> 1 | N55: =G55*H55 -> 1 | O55: 22.95 | P55: 79.18
A57: 파란 = 합성 응답(입력) · 나머지 코딩/2차/교호작용 열은 실제수준에서 자동계산

Sheet ANOVA_Undercut
A1: ANOVA — Undercut (nm)
A2: OLS 2차모형 · R²=0.970 · typ-II SS. (고정 합성데이터의 분석 출력값)
A4: Source | B4: SS | C4: df | D4: F | E4: p-value | F4: 유의(95%)
A5: G (CHF₃) | B5: 1634.45 | C5: 1 | D5: 997.21 | E5: 0 | F5: ○
A6: P (Press) | B6: 513.929 | C6: 1 | D6: 313.56 | E6: 0 | F6: ○
A7: B (Bias) | B7: 104.21 | C7: 1 | D7: 63.58 | E7: 0 | F7: ○
A8: G² | B8: 35.421 | C8: 1 | D8: 21.61 | E8: 0 | F8: ○
A9: P² | B9: 4.975 | C9: 1 | D9: 3.04 | E9: 0.0885 | F9: –
A10: B² | B10: 1.553 | C10: 1 | D10: 0.95 | E10: 0.3357 | F10: –
A11: G·P | B11: 2.319 | C11: 1 | D11: 1.41 | E11: 0.2406 | F11: –
A12: G·B | B12: 17.204 | C12: 1 | D12: 10.5 | E12: 0.0023 | F12: ○
A13: P·B | B13: 9.114 | C13: 1 | D13: 5.56 | E13: 0.0229 | F13: ○
A14: Residual | B14: 72.117 | C14: 44

Sheet ANOVA_Angle
A1: ANOVA — Sidewall Angle (°)
A2: OLS 2차모형 · R²=0.984 · typ-II SS. (고정 합성데이터의 분석 출력값)
A4: Source | B4: SS | C4: df | D4: F | E4: p-value | F4: 유의(95%)
A5: G (CHF₃) | B5: 71.515 | C5: 1 | D5: 270.28 | E5: 0 | F5: ○
A6: P (Press) | B6: 243.568 | C6: 1 | D6: 920.53 | E6: 0 | F6: ○
A7: B (Bias) | B7: 339.665 | C7: 1 | D7: 1283.72 | E7: 0 | F7: ○
A8: G² | B8: 4.605 | C8: 1 | D8: 17.4 | E8: 0.0001 | F8: ○
A9: P² | B9: 7.353 | C9: 1 | D9: 27.79 | E9: 0 | F9: ○
A10: B² | B10: 6.356 | C10: 1 | D10: 24.02 | E10: 0 | F10: ○
A11: G·P | B11: 0.003 | C11: 1 | D11: 0.01 | E11: 0.912 | F11: –
A12: G·B | B12: 38.939 | C12: 1 | D12: 147.16 | E12: 0 | F12: ○
A13: P·B | B13: 13.024 | C13: 1 | D13: 49.22 | E13: 0 | F13: ○
A14: Residual | B14: 11.642 | C14: 44

Sheet Regression
A1: 회귀분석 — 2차 반응표면 (LINEST 실시간)
A2: 아래 LINEST 배열은 계수를 역순으로 반환(마지막 예측변수→절편). Tidy 표에서 올바로 매핑함.
A4: 회귀계수 (LINEST · 실시간, 역순 반환) | M4: R²
A5: Undercut | B5: {=LINEST(Design_Data!$O$2:$O$55,Design_Data!$F$2:$N$55,TRUE(),FALSE())} -> 0.61625 | C5: -0.84666667 | D5: 0.31083333 | E5: 0.35972222 | F5: 0.64388889 | G5: 1.7180556 | H5: 1.7013889 | I5: 3.7783333 | J5: -6.7380556 | K5: 20.094815 | M5: =INDEX(LINEST(Design_Data!$O$2:$O$55,Design_Data!$F$2:$N$55,TRUE(),TRUE()),3,1) -> 0.96989213
A7: Angle | B7: {=LINEST(Design_Data!$P$2:$P$55,Design_Data!$F$2:$N$55,TRUE(),FALSE())} -> -0.73666667 | C7: 1.27375 | D7: 0.011666667 | E7: -0.72777778 | F7: -0.78277778 | G7: -0.61944444 | H7: 3.0716667 | I7: -2.6011111 | J7: -1.4094444 | K7: 81.463148 | M7: =INDEX(LINEST(Design_Data!$P$2:$P$55,Design_Data!$F$2:$N$55,TRUE(),TRUE()),3,1) -> 0.9841962
A16: Tidy 계수표 (코딩 -1..+1)
A17: Term | B17: Undercut 계수 | C17: Angle 계수
A18: 절편 | B18: =K5 -> 20.094815 | C18: =K7 -> 81.463148
A19: G (CHF₃) | B19: =J5 -> -6.7380556 | C19: =J7 -> -1.4094444
A20: P (Press) | B20: =I5 -> 3.7783333 | C20: =I7 -> -2.6011111
A21: B (Bias) | B21: =H5 -> 1.7013889 | C21: =H7 -> 3.0716667
A22: G² | B22: =G5 -> 1.7180556 | C22: =G7 -> -0.61944444
A23: P² | B23: =F5 -> 0.64388889 | C23: =F7 -> -0.78277778
A24: B² | B24: =E5 -> 0.35972222 | C24: =E7 -> -0.72777778
A25: G·P | B25: =D5 -> 0.31083333 | C25: =D7 -> 0.011666667
A26: G·B | B26: =C5 -> -0.84666667 | C26: =C7 -> 1.27375
A27: P·B | B27: =B5 -> 0.61625 | C27: =B7 -> -0.73666667
A29: R² | B29: =M5 -> 0.96989213 | C29: =M7 -> 0.9841962

Sheet Optimization
A1: 개선 시나리오 예측 (회귀식 · 코딩 입력)
A2: G/P/B에 코딩값(-1~+1) 입력 → 두 응답 예측. 계수는 Regression Tidy표 참조(실시간).
A4: 시나리오 | B4: G | C4: P | D4: B | E4: CHF₃% | F4: Press | G4: Bias | H4: 예측 Undercut | I4: 예측 Angle
A5: 현공정 (CF₄/100/50) | B5: -1 | C5: 0 | D5: 0 | E5: =20+B5*20 -> 0 | F5: =100+C5*50 -> 100 | G5: =50+D5*25 -> 50 | H5: =Regression!$B$18+Regression!$B$19*B5+Regression!$B$20*C5+Regression!$B$21*D5+Regression!$B$22*B5^2+Regression!$B$23*C5^2+Regression!$B$24*D5^2+Regression!$B$25*B5*C5+Regression!$B$26*B5*D5+Regression!$B$27*C5*D5 -> 28.550926 | I5: =Regression!$C$18+Regression!$C$19*B5+Regression!$C$20*C5+Regression!$C$21*D5+Regression!$C$22*B5^2+Regression!$C$23*C5^2+Regression!$C$24*D5^2+Regression!$C$25*B5*C5+Regression!$C$26*B5*D5+Regression!$C$27*C5*D5 -> 82.253148
A6: 개선안 A: Press↓ | B6: -1 | C6: -1 | D6: 0 | E6: =20+B6*20 -> 0 | F6: =100+C6*50 -> 50 | G6: =50+D6*25 -> 50 | H6: =Regression!$B$18+Regression!$B$19*B6+Regression!$B$20*C6+Regression!$B$21*D6+Regression!$B$22*B6^2+Regression!$B$23*C6^2+Regression!$B$24*D6^2+Regression!$B$25*B6*C6+Regression!$B$26*B6*D6+Regression!$B$27*C6*D6 -> 25.727315 | I6: =Regression!$C$18+Regression!$C$19*B6+Regression!$C$20*C6+Regression!$C$21*D6+Regression!$C$22*B6^2+Regression!$C$23*C6^2+Regression!$C$24*D6^2+Regression!$C$25*B6*C6+Regression!$C$26*B6*D6+Regression!$C$27*C6*D6 -> 84.083148
A7: 개선안 B: Press↓+Bias↑ | B7: -1 | C7: -1 | D7: 1 | E7: =20+B7*20 -> 0 | F7: =100+C7*50 -> 50 | G7: =50+D7*25 -> 75 | H7: =Regression!$B$18+Regression!$B$19*B7+Regression!$B$20*C7+Regression!$B$21*D7+Regression!$B$22*B7^2+Regression!$B$23*C7^2+Regression!$B$24*D7^2+Regression!$B$25*B7*C7+Regression!$B$26*B7*D7+Regression!$B$27*C7*D7 -> 28.018843 | I7: =Regression!$C$18+Regression!$C$19*B7+Regression!$C$20*C7+Regression!$C$21*D7+Regression!$C$22*B7^2+Regression!$C$23*C7^2+Regression!$C$24*D7^2+Regression!$C$25*B7*C7+Regression!$C$26*B7*D7+Regression!$C$27*C7*D7 -> 85.889954
A8: ★ 최적점: Pass↑+Press↓+Bias↑ | B8: 1 | C8: -1 | D8: 1 | E8: =20+B8*20 -> 40 | F8: =100+C8*50 -> 50 | G8: =50+D8*25 -> 75 | H8: =Regression!$B$18+Regression!$B$19*B8+Regression!$B$20*C8+Regression!$B$21*D8+Regression!$B$22*B8^2+Regression!$B$23*C8^2+Regression!$B$24*D8^2+Regression!$B$25*B8*C8+Regression!$B$26*B8*D8+Regression!$B$27*C8*D8 -> 12.227731 | I8: =Regression!$C$18+Regression!$C$19*B8+Regression!$C$20*C8+Regression!$C$21*D8+Regression!$C$22*B8^2+Regression!$C$23*C8^2+Regression!$C$24*D8^2+Regression!$C$25*B8*C8+Regression!$C$26*B8*D8+Regression!$C$27*C8*D8 -> 85.595231
A10: G:0%→+1=40% · P:-1=50,0=100,+1=150 · B:-1=25,0=50,+1=75
